method,ARI,NMI,ASW_celltype,ASW_batch,iLISI,KL
Uncorrect,0.9929354624953897,0.9828136894844459,0.2763930857181549,0.4232824668288231,1.0372135070989237,1.0605555192853129
MyModel,0.9348651833936668,0.8838994699224227,0.3249281562218746,0.5044720476533477,2.5981424146415946,0.20326127911571928
Harmony,0.9911835093090718,0.9790722960502489,0.3795194923877716,0.5023890675511211,2.202658570282481,0.3682785972703798
Scanorama,0.9919982134703214,0.9807826307913671,0.3338511288166046,0.42741186916828156,1.0287127808815044,1.0659853017332834
Seurat,0.9927468874187856,0.9820047413378437,0.3896355053878061,0.4968482282385202,1.9155827059732453,0.5494264967602251
