method,ARI,NMI,ASW_celltype,ASW_batch,iLISI,KL
Uncorrect,0.8643928548693918,0.8703499306944079,0.18090486526489258,0.49505216535180807,1.4622057973360973,1.0597113055629752
MyModel,0.08590988442850814,0.10016282921665606,-0.04333917156888111,0.5191640872808378,3.3376385725345594,0.19751182589226482
Harmony,0.9392015000366521,0.9377472277452576,0.21323086321353912,0.5185582041740417,3.29169175200673,0.30563947052549395
Scanorama,0.4248377841687183,0.5721409623064171,0.11282168328762054,0.47418499924242496,1.3419583994635942,1.1142447374229627
Seurat,0.11735757633664062,0.12882153347548786,-0.026500568887282715,0.49642774607558915,1.9722053735881961,0.7316113189775927
